2026-02-07 13:19:01,AUTO_ASSIGN,C01,S01
2026-02-07 13:19:01,AUTO_ASSIGN,C02,S01
2026-02-07 13:19:01,AUTO_ASSIGN,C03,S01
2026-02-07 13:19:01,AUTO_ASSIGN,C06,S01
2026-02-07 13:19:01,AUTO_ASSIGN,C07,S01
2026-02-07 13:19:01,AUTO_ASSIGN,C11,S02
2026-02-07 13:19:01,AUTO_ASSIGN,C12,S02
2026-02-07 13:19:01,AUTO_ASSIGN,C04,S04
2026-02-07 13:19:01,AUTO_ASSIGN,C05,S02
2026-02-07 13:19:01,AUTO_ASSIGN,C08,S02
2026-02-07 13:19:01,AUTO_ASSIGN,C09,S02
2026-02-07 13:19:01,AUTO_ASSIGN,C10,S04
2026-02-07 13:19:01,AUTO_ASSIGN,C13,S04
2026-02-07 13:19:01,AUTO_ASSIGN,C14,S03
2026-02-07 13:19:01,AUTO_ASSIGN,C15,S03
2026-02-07 13:19:01,AUTO_ASSIGN,C16,S03
2026-02-07 13:19:01,AUTO_ASSIGN,C17,S03
2026-02-07 13:19:01,AUTO_ASSIGN,C18,S03
2026-02-07 13:19:01,AUTO_ASSIGN,C19,S05
2026-02-07 13:19:01,AUTO_ASSIGN,C20,S05
2026-02-07 13:19:01,AUTO_ASSIGN,C21,S05
2026-02-07 13:19:01,AUTO_ASSIGN,C22,S05
2026-02-07 13:19:19,UPDATE_HEALTH,C01,HEALTHY
2026-02-07 13:19:23,UNASSIGN,C22,S05
2026-02-07 13:19:58,MANUAL_ASSIGN,C30,S05
2026-02-07 13:20:02,UPDATE_HEALTH,C01,SICK
2026-02-07 14:03:24,AUTO_ASSIGN,C01,S01
2026-02-07 14:03:24,AUTO_ASSIGN,C02,S01
2026-02-07 14:03:24,AUTO_ASSIGN,C03,S01
2026-02-07 14:03:24,AUTO_ASSIGN,C06,S01
2026-02-07 14:03:24,AUTO_ASSIGN,C07,S01
2026-02-07 14:03:24,AUTO_ASSIGN,C11,S02
2026-02-07 14:03:24,AUTO_ASSIGN,C12,S02
2026-02-07 14:03:24,AUTO_ASSIGN,C04,S04
2026-02-07 14:03:24,AUTO_ASSIGN,C05,S02
2026-02-07 14:03:24,AUTO_ASSIGN,C08,S02
2026-02-07 14:03:24,AUTO_ASSIGN,C09,S02
2026-02-07 14:03:24,AUTO_ASSIGN,C10,S04
2026-02-07 14:03:24,AUTO_ASSIGN,C13,S04
2026-02-07 14:03:24,AUTO_ASSIGN,C14,S03
2026-02-07 14:03:24,AUTO_ASSIGN,C15,S03
2026-02-07 14:03:24,AUTO_ASSIGN,C16,S03
2026-02-07 14:03:24,AUTO_ASSIGN,C17,S03
2026-02-07 14:03:24,AUTO_ASSIGN,C18,S03
2026-02-07 14:03:24,AUTO_ASSIGN,C19,S05
2026-02-07 14:03:24,AUTO_ASSIGN,C20,S05
2026-02-07 14:03:24,AUTO_ASSIGN,C21,S05
2026-02-07 14:03:24,AUTO_ASSIGN,C22,S05
2026-02-07 14:04:47,UNASSIGN,C22,S05
